{"cameraMode":{"drawMode":0,"name":"Shaded","section":"Shading Mode"},"sceneLighting":true,"audioPlay":false,"sceneViewState":{"m_AlwaysRefresh":false,"showFog":true,"showSkybox":true,"showFlares":true,"showImageEffects":true,"showParticleSystems":true,"showVisualEffectGraphs":true,"m_FxEnabled":true},"in2DMode":false,"pivot":{"x":0.838060736656189,"y":2.2563743591308595,"z":-0.3833184242248535},"rotation":{"x":-0.3105282783508301,"y":0.025454193353652955,"z":-0.00965716689825058,"w":-0.9504905343055725},"size":1.1249998807907105,"orthographic":false}