{"cameraMode":{"drawMode":0,"name":"Shaded","section":"Shading Mode"},"sceneLighting":true,"audioPlay":false,"sceneViewState":{"m_AlwaysRefresh":false,"showFog":true,"showSkybox":true,"showFlares":true,"showImageEffects":true,"showParticleSystems":true,"showVisualEffectGraphs":true,"m_FxEnabled":true},"in2DMode":false,"pivot":{"x":-2.1216135025024416,"y":-1.3807203769683838,"z":1.212314486503601},"rotation":{"x":-0.31952378153800967,"y":-0.02948179841041565,"z":0.008555111475288868,"w":-0.9474244713783264},"size":3.4639294147491457,"orthographic":false}