{"cameraMode":{"drawMode":0,"name":"Shaded","section":"Shading Mode"},"sceneLighting":true,"audioPlay":false,"sceneViewState":{"m_AlwaysRefresh":false,"showFog":true,"showSkybox":true,"showFlares":true,"showImageEffects":true,"showParticleSystems":true,"showVisualEffectGraphs":true,"m_FxEnabled":true},"in2DMode":false,"pivot":{"x":2.9998974800109865,"y":1.3902381658554078,"z":1.3200263977050782},"rotation":{"x":-0.12830205261707307,"y":-0.16865484416484834,"z":0.020804906263947488,"w":-0.97786945104599},"size":3.1418678760528566,"orthographic":false}