{"cameraMode":{"drawMode":0,"name":"Shaded","section":"Shading Mode"},"sceneLighting":true,"audioPlay":false,"sceneViewState":{"m_AlwaysRefresh":false,"showFog":true,"showSkybox":true,"showFlares":true,"showImageEffects":true,"showParticleSystems":true,"showVisualEffectGraphs":true,"m_FxEnabled":true},"in2DMode":false,"pivot":{"x":-0.23368777334690095,"y":0.191666841506958,"z":3.3977713584899904},"rotation":{"x":0.19089601933956147,"y":-0.011408882215619088,"z":0.003721033688634634,"w":0.9823458194732666},"size":3.4309983253479006,"orthographic":false}