{"cameraMode":{"drawMode":0,"name":"Shaded","section":"Shading Mode"},"sceneLighting":true,"audioPlay":false,"sceneViewState":{"m_AlwaysRefresh":false,"showFog":true,"showSkybox":true,"showFlares":true,"showImageEffects":true,"showParticleSystems":true,"showVisualEffectGraphs":true,"m_FxEnabled":true},"in2DMode":false,"pivot":{"x":-0.045537978410720828,"y":-12.194793701171875,"z":15.72480583190918},"rotation":{"x":0.3316056728363037,"y":0.02613053098320961,"z":-0.009727943688631058,"w":0.9438444375991821},"size":12.12435531616211,"orthographic":false}