{"cameraMode":{"drawMode":0,"name":"Shaded","section":"Shading Mode"},"sceneLighting":true,"audioPlay":false,"sceneViewState":{"m_AlwaysRefresh":false,"showFog":true,"showSkybox":true,"showFlares":true,"showImageEffects":true,"showParticleSystems":true,"showVisualEffectGraphs":true,"m_FxEnabled":true},"in2DMode":false,"pivot":{"x":0.8022941946983337,"y":2.635892152786255,"z":-1.2560961246490479},"rotation":{"x":-0.3814379870891571,"y":0.06341199576854706,"z":-0.027622781693935396,"w":-0.9221287369728088},"size":1.1249998807907105,"orthographic":false}