{"cameraMode":{"drawMode":0,"name":"Shaded","section":"Shading Mode"},"sceneLighting":true,"audioPlay":false,"sceneViewState":{"m_AlwaysRefresh":false,"showFog":true,"showSkybox":true,"showFlares":true,"showImageEffects":true,"showParticleSystems":true,"showVisualEffectGraphs":true,"m_FxEnabled":true},"in2DMode":false,"pivot":{"x":-3.4419336318969728,"y":0.38125258684158327,"z":1.8587332963943482},"rotation":{"x":0.1131611168384552,"y":0.8707777857780457,"z":-0.23651643097400666,"w":0.4164682924747467},"size":0.7827847003936768,"orthographic":false}